{
    "hsppbo": {
        "max_iteration_count": 2600,
        "w_pers_best": 0.075,
        "w_pers_prev": 0.075,
        "w_parent_best": 0.01,
        "w_rand": 0.0196078431372549,
        "alpha": 1,
        "beta": 7,
        "detection_threshold": 0.25,
        "detection_pause": 5,
        "reaction_type": "partial",
        "fixed_rng": true
    },
    "tree": {
        "num_sce_nodes": 13,
        "child_per_node": 3
    },
    "problem": {
        "type": "stsp",
        "name": "berlin52",
        "dimension": 52,
        "weight_type": "EUC_2D",
        "statistics": {
            "mean": 564.2007354228351,
            "median": 517.0589094490413,
            "coeff_var": 0.6127494873296997,
            "qdc": 0.4538812838007412,
            "R": 0.8745439495963425,
            "eigen1": 31711.85679456735
        },
        "dynamic_props": {
            "dynamic_frequency": 100,
            "dynamic_intensity": 12,
            "min_iterations_before_dynamic": 1999
        }
    },
    "optimizer": "forest",
    "datetime": "2023-01-04 17:40:27.346293"
}