{
    "hsppbo": {
        "max_iteration_count": 2600,
        "w_pers_best": 0.075,
        "w_pers_prev": 0.075,
        "w_parent_best": 0.01,
        "w_rand": 0.02,
        "alpha": 1,
        "beta": 7,
        "detection_threshold": 0.25,
        "detection_pause": 5,
        "reaction_type": "partial",
        "fixed_rng": true
    },
    "tree": {
        "num_sce_nodes": 13,
        "child_per_node": 3
    },
    "problem": {
        "type": "stsp",
        "name": "eil51",
        "dimension": 51,
        "weight_type": "EUC_2D",
        "statistics": {
            "mean": 31.790450021623467,
            "median": 31.016124838541646,
            "coeff_var": 0.48996121264229536,
            "qdc": 0.3603659819943238,
            "R": 1.2031186581037625,
            "eigen1": 1670.044745018153
        },
        "dynamic_props": {
            "dynamic_frequency": 100,
            "dynamic_intensity": 12,
            "min_iterations_before_dynamic": 1999
        }
    },
    "optimizer": "forest",
    "datetime": "2023-01-04 17:40:15.213017"
}