{
    "x": [
        "9",
        "10",
        0.001,
        0.001,
        0.030565563839267406,
        0.11320337595491693,
        "partial"
    ],
    "fun": 7701.228986028276,
    "func_vals": [
        24735.857347285975,
        7894.743101766972,
        8071.908655518056,
        7962.997273490246,
        7911.238426380861,
        7894.928889937328,
        7967.1779925049095,
        7891.175402187254,
        16776.15605923037,
        11495.88781117705,
        8086.826113099045,
        8031.0140315096005,
        7928.036248477301,
        7994.795724066232,
        7948.435100150598,
        7701.228986028276,
        7927.719494115418,
        7909.658496766359,
        7949.068646731898,
        8086.938170760426,
        7761.517521118029,
        9427.45693434965,
        8217.677002637436,
        8610.219805963314,
        8120.709022498383,
        8058.047502768176,
        9882.62621509113,
        7763.501747764482,
        8028.651177462166,
        25268.04495042501
    ],
    "x_iters": [
        [
            "0",
            "0",
            0.001,
            0.001,
            0.001,
            0.1,
            "full"
        ],
        [
            "8",
            "10",
            0.9777793983431193,
            0.9679260528449438,
            0.8951709119077328,
            0.3633604753544595,
            "partial"
        ],
        [
            "8",
            "10",
            0.9778102912260059,
            0.668889401640232,
            0.8941322018376309,
            0.37822985363269357,
            "partial"
        ],
        [
            "8",
            "10",
            0.9558498516853907,
            0.21297543516777703,
            0.5503325187727394,
            0.30772906229184327,
            "partial"
        ],
        [
            "8",
            "10",
            0.001,
            0.001,
            0.001,
            0.1,
            "partial"
        ],
        [
            "8",
            "10",
            0.001,
            0.001,
            0.001,
            0.1,
            "partial"
        ],
        [
            "8",
            "10",
            0.001,
            0.001,
            0.001,
            0.1,
            "partial"
        ],
        [
            "8",
            "10",
            0.001,
            0.001,
            0.001,
            0.1,
            "partial"
        ],
        [
            "8",
            "1",
            0.001,
            0.001,
            0.001,
            0.1,
            "full"
        ],
        [
            "7",
            "2",
            0.001,
            0.001,
            0.001,
            0.1,
            "partial"
        ],
        [
            "10",
            "10",
            0.5434417356062899,
            0.3671089501370039,
            0.4318800171574122,
            0.23732137129795716,
            "partial"
        ],
        [
            "0",
            "10",
            0.001,
            0.99,
            0.99,
            0.5,
            "partial"
        ],
        [
            "10",
            "10",
            0.001,
            0.001,
            0.001,
            0.1,
            "partial"
        ],
        [
            "6",
            "10",
            0.001,
            0.001,
            0.001,
            0.1,
            "partial"
        ],
        [
            "7",
            "10",
            0.001,
            0.001,
            0.001,
            0.13036017044558593,
            "partial"
        ],
        [
            "9",
            "10",
            0.001,
            0.001,
            0.030565563839267406,
            0.11320337595491693,
            "partial"
        ],
        [
            "10",
            "10",
            0.001,
            0.001,
            0.001,
            0.1,
            "partial"
        ],
        [
            "10",
            "10",
            0.001,
            0.001,
            0.001,
            0.1,
            "partial"
        ],
        [
            "10",
            "9",
            0.001,
            0.001,
            0.001,
            0.1,
            "partial"
        ],
        [
            "0",
            "10",
            0.99,
            0.001,
            0.001,
            0.1,
            "partial"
        ],
        [
            "6",
            "8",
            0.11238231910486209,
            0.1795427207855538,
            0.1288507998981159,
            0.14422745910541904,
            "partial"
        ],
        [
            "5",
            "10",
            0.001,
            0.99,
            0.001,
            0.5,
            "partial"
        ],
        [
            "10",
            "10",
            0.99,
            0.001,
            0.99,
            0.1,
            "partial"
        ],
        [
            "10",
            "10",
            0.001,
            0.001,
            0.99,
            0.1,
            "partial"
        ],
        [
            "0",
            "10",
            0.99,
            0.001,
            0.001,
            0.1,
            "partial"
        ],
        [
            "0",
            "10",
            0.001,
            0.001,
            0.99,
            0.1,
            "partial"
        ],
        [
            "10",
            "8",
            0.8605926939486984,
            0.001,
            0.001,
            0.1,
            "partial"
        ],
        [
            "4",
            "10",
            0.99,
            0.001,
            0.99,
            0.1,
            "partial"
        ],
        [
            "4",
            "10",
            0.001,
            0.001,
            0.99,
            0.1,
            "partial"
        ],
        [
            "10",
            "4",
            0.001,
            0.001,
            0.99,
            0.1,
            "full"
        ]
    ],
    "models": [
        "GaussianProcessRegressor(kernel=1**2 * Matern(length_scale=[1, 1, 1, 1, 1, 1, 1], nu=2.5) + WhiteKernel(noise_level=0.07),\n                         n_restarts_optimizer=2, noise=0.07, normalize_y=True,\n                         random_state=1872583848)",
        "GaussianProcessRegressor(kernel=1**2 * Matern(length_scale=[1, 1, 1, 1, 1, 1, 1], nu=2.5) + WhiteKernel(noise_level=0.07),\n                         n_restarts_optimizer=2, noise=0.07, normalize_y=True,\n                         random_state=1872583848)",
        "GaussianProcessRegressor(kernel=1**2 * Matern(length_scale=[1, 1, 1, 1, 1, 1, 1], nu=2.5) + WhiteKernel(noise_level=0.07),\n                         n_restarts_optimizer=2, noise=0.07, normalize_y=True,\n                         random_state=1872583848)",
        "GaussianProcessRegressor(kernel=1**2 * Matern(length_scale=[1, 1, 1, 1, 1, 1, 1], nu=2.5) + WhiteKernel(noise_level=0.07),\n                         n_restarts_optimizer=2, noise=0.07, normalize_y=True,\n                         random_state=1872583848)",
        "GaussianProcessRegressor(kernel=1**2 * Matern(length_scale=[1, 1, 1, 1, 1, 1, 1], nu=2.5) + WhiteKernel(noise_level=0.07),\n                         n_restarts_optimizer=2, noise=0.07, normalize_y=True,\n                         random_state=1872583848)",
        "GaussianProcessRegressor(kernel=1**2 * Matern(length_scale=[1, 1, 1, 1, 1, 1, 1], nu=2.5) + WhiteKernel(noise_level=0.07),\n                         n_restarts_optimizer=2, noise=0.07, normalize_y=True,\n                         random_state=1872583848)",
        "GaussianProcessRegressor(kernel=1**2 * Matern(length_scale=[1, 1, 1, 1, 1, 1, 1], nu=2.5) + WhiteKernel(noise_level=0.07),\n                         n_restarts_optimizer=2, noise=0.07, normalize_y=True,\n                         random_state=1872583848)",
        "GaussianProcessRegressor(kernel=1**2 * Matern(length_scale=[1, 1, 1, 1, 1, 1, 1], nu=2.5) + WhiteKernel(noise_level=0.07),\n                         n_restarts_optimizer=2, noise=0.07, normalize_y=True,\n                         random_state=1872583848)",
        "GaussianProcessRegressor(kernel=1**2 * Matern(length_scale=[1, 1, 1, 1, 1, 1, 1], nu=2.5) + WhiteKernel(noise_level=0.07),\n                         n_restarts_optimizer=2, noise=0.07, normalize_y=True,\n                         random_state=1872583848)",
        "GaussianProcessRegressor(kernel=1**2 * Matern(length_scale=[1, 1, 1, 1, 1, 1, 1], nu=2.5) + WhiteKernel(noise_level=0.07),\n                         n_restarts_optimizer=2, noise=0.07, normalize_y=True,\n                         random_state=1872583848)",
        "GaussianProcessRegressor(kernel=1**2 * Matern(length_scale=[1, 1, 1, 1, 1, 1, 1], nu=2.5) + WhiteKernel(noise_level=0.07),\n                         n_restarts_optimizer=2, noise=0.07, normalize_y=True,\n                         random_state=1872583848)",
        "GaussianProcessRegressor(kernel=1**2 * Matern(length_scale=[1, 1, 1, 1, 1, 1, 1], nu=2.5) + WhiteKernel(noise_level=0.07),\n                         n_restarts_optimizer=2, noise=0.07, normalize_y=True,\n                         random_state=1872583848)",
        "GaussianProcessRegressor(kernel=1**2 * Matern(length_scale=[1, 1, 1, 1, 1, 1, 1], nu=2.5) + WhiteKernel(noise_level=0.07),\n                         n_restarts_optimizer=2, noise=0.07, normalize_y=True,\n                         random_state=1872583848)",
        "GaussianProcessRegressor(kernel=1**2 * Matern(length_scale=[1, 1, 1, 1, 1, 1, 1], nu=2.5) + WhiteKernel(noise_level=0.07),\n                         n_restarts_optimizer=2, noise=0.07, normalize_y=True,\n                         random_state=1872583848)",
        "GaussianProcessRegressor(kernel=1**2 * Matern(length_scale=[1, 1, 1, 1, 1, 1, 1], nu=2.5) + WhiteKernel(noise_level=0.07),\n                         n_restarts_optimizer=2, noise=0.07, normalize_y=True,\n                         random_state=1872583848)",
        "GaussianProcessRegressor(kernel=1**2 * Matern(length_scale=[1, 1, 1, 1, 1, 1, 1], nu=2.5) + WhiteKernel(noise_level=0.07),\n                         n_restarts_optimizer=2, noise=0.07, normalize_y=True,\n                         random_state=1872583848)",
        "GaussianProcessRegressor(kernel=1**2 * Matern(length_scale=[1, 1, 1, 1, 1, 1, 1], nu=2.5) + WhiteKernel(noise_level=0.07),\n                         n_restarts_optimizer=2, noise=0.07, normalize_y=True,\n                         random_state=1872583848)",
        "GaussianProcessRegressor(kernel=1**2 * Matern(length_scale=[1, 1, 1, 1, 1, 1, 1], nu=2.5) + WhiteKernel(noise_level=0.07),\n                         n_restarts_optimizer=2, noise=0.07, normalize_y=True,\n                         random_state=1872583848)",
        "GaussianProcessRegressor(kernel=1**2 * Matern(length_scale=[1, 1, 1, 1, 1, 1, 1], nu=2.5) + WhiteKernel(noise_level=0.07),\n                         n_restarts_optimizer=2, noise=0.07, normalize_y=True,\n                         random_state=1872583848)",
        "GaussianProcessRegressor(kernel=1**2 * Matern(length_scale=[1, 1, 1, 1, 1, 1, 1], nu=2.5) + WhiteKernel(noise_level=0.07),\n                         n_restarts_optimizer=2, noise=0.07, normalize_y=True,\n                         random_state=1872583848)",
        "GaussianProcessRegressor(kernel=1**2 * Matern(length_scale=[1, 1, 1, 1, 1, 1, 1], nu=2.5) + WhiteKernel(noise_level=0.07),\n                         n_restarts_optimizer=2, noise=0.07, normalize_y=True,\n                         random_state=1872583848)",
        "GaussianProcessRegressor(kernel=1**2 * Matern(length_scale=[1, 1, 1, 1, 1, 1, 1], nu=2.5) + WhiteKernel(noise_level=0.07),\n                         n_restarts_optimizer=2, noise=0.07, normalize_y=True,\n                         random_state=1872583848)",
        "GaussianProcessRegressor(kernel=1**2 * Matern(length_scale=[1, 1, 1, 1, 1, 1, 1], nu=2.5) + WhiteKernel(noise_level=0.07),\n                         n_restarts_optimizer=2, noise=0.07, normalize_y=True,\n                         random_state=1872583848)",
        "GaussianProcessRegressor(kernel=1**2 * Matern(length_scale=[1, 1, 1, 1, 1, 1, 1], nu=2.5) + WhiteKernel(noise_level=0.07),\n                         n_restarts_optimizer=2, noise=0.07, normalize_y=True,\n                         random_state=1872583848)",
        "GaussianProcessRegressor(kernel=1**2 * Matern(length_scale=[1, 1, 1, 1, 1, 1, 1], nu=2.5) + WhiteKernel(noise_level=0.07),\n                         n_restarts_optimizer=2, noise=0.07, normalize_y=True,\n                         random_state=1872583848)",
        "GaussianProcessRegressor(kernel=1**2 * Matern(length_scale=[1, 1, 1, 1, 1, 1, 1], nu=2.5) + WhiteKernel(noise_level=0.07),\n                         n_restarts_optimizer=2, noise=0.07, normalize_y=True,\n                         random_state=1872583848)",
        "GaussianProcessRegressor(kernel=1**2 * Matern(length_scale=[1, 1, 1, 1, 1, 1, 1], nu=2.5) + WhiteKernel(noise_level=0.07),\n                         n_restarts_optimizer=2, noise=0.07, normalize_y=True,\n                         random_state=1872583848)",
        "GaussianProcessRegressor(kernel=1**2 * Matern(length_scale=[1, 1, 1, 1, 1, 1, 1], nu=2.5) + WhiteKernel(noise_level=0.07),\n                         n_restarts_optimizer=2, noise=0.07, normalize_y=True,\n                         random_state=1872583848)",
        "GaussianProcessRegressor(kernel=1**2 * Matern(length_scale=[1, 1, 1, 1, 1, 1, 1], nu=2.5) + WhiteKernel(noise_level=0.07),\n                         n_restarts_optimizer=2, noise=0.07, normalize_y=True,\n                         random_state=1872583848)",
        "GaussianProcessRegressor(kernel=1**2 * Matern(length_scale=[1, 1, 1, 1, 1, 1, 1], nu=2.5) + WhiteKernel(noise_level=0.07),\n                         n_restarts_optimizer=2, noise=0.07, normalize_y=True,\n                         random_state=1872583848)"
    ],
    "space": "Space([Integer(low=0, high=10, prior='uniform', transform='normalize'),\n       Integer(low=0, high=10, prior='uniform', transform='normalize'),\n       Real(low=0.001, high=0.99, prior='uniform', transform='normalize'),\n       Real(low=0.001, high=0.99, prior='uniform', transform='normalize'),\n       Real(low=0.001, high=0.99, prior='uniform', transform='normalize'),\n       Real(low=0.1, high=0.5, prior='uniform', transform='normalize'),\n       Categorical(categories=('partial', 'full'), prior=None)])",
    "random_state": "RandomState(MT19937)",
    "specs": {
        "args": {
            "func": "<optimizer.ObjFunc object at 0x7fc8221ade50>",
            "dimensions": "Space([Integer(low=0, high=10, prior='uniform', transform='normalize'),\n       Integer(low=0, high=10, prior='uniform', transform='normalize'),\n       Real(low=0.001, high=0.99, prior='uniform', transform='normalize'),\n       Real(low=0.001, high=0.99, prior='uniform', transform='normalize'),\n       Real(low=0.001, high=0.99, prior='uniform', transform='normalize'),\n       Real(low=0.1, high=0.5, prior='uniform', transform='normalize'),\n       Categorical(categories=('partial', 'full'), prior=None)])",
            "base_estimator": "GaussianProcessRegressor(kernel=1**2 * Matern(length_scale=[1, 1, 1, 1, 1, 1, 1], nu=2.5),\n                         n_restarts_optimizer=2, noise=0.07, normalize_y=True,\n                         random_state=1872583848)",
            "n_calls": 30,
            "n_random_starts": null,
            "n_initial_points": 1,
            "initial_point_generator": "hammersly",
            "acq_func": "PI",
            "acq_optimizer": "auto",
            "x0": null,
            "y0": null,
            "random_state": "RandomState(MT19937)",
            "verbose": false,
            "callback": null,
            "n_points": 10000,
            "n_restarts_optimizer": 5,
            "xi": 0.01,
            "kappa": 1.96,
            "n_jobs": 1,
            "model_queue_size": null
        },
        "function": "base_minimize"
    }
}