{
    "x": [
        "10",
        "10",
        0.99,
        0.99,
        0.99,
        0.5,
        "partial"
    ],
    "fun": 449.6844431260636,
    "func_vals": [
        1340.8119748603967,
        454.410904917083,
        451.62747330716576,
        607.9843497501495,
        449.6844431260636,
        461.94750292306287,
        464.5871244903466,
        465.5847702871074,
        805.4372596416706,
        540.7462179735038,
        469.6037876399344,
        465.16195940670616,
        465.181943340013,
        454.0466966694594,
        593.2720758359328,
        467.3432075273773,
        472.57674151597115,
        465.0404433324193,
        466.9900198950836,
        457.8782325682461,
        458.7417599703599,
        475.0208152097429,
        537.4855303002677,
        477.8510910468025,
        474.5966520744028,
        477.6044055502853,
        469.4179906964249,
        468.4930925165381,
        464.6996713606084,
        468.50427691772865
    ],
    "x_iters": [
        [
            "0",
            "0",
            0.001,
            0.001,
            0.001,
            0.1,
            "full"
        ],
        [
            "10",
            "7",
            0.7452476207692612,
            0.9781517010358454,
            0.9579396966536432,
            0.47462425286134147,
            "partial"
        ],
        [
            "10",
            "7",
            0.5542397349327117,
            0.9781525647799991,
            0.8512166294249883,
            0.21139246785820243,
            "partial"
        ],
        [
            "9",
            "3",
            0.02398979803560178,
            0.6238519453502047,
            0.35335801235918235,
            0.1,
            "partial"
        ],
        [
            "10",
            "10",
            0.99,
            0.99,
            0.99,
            0.5,
            "partial"
        ],
        [
            "0",
            "10",
            0.99,
            0.99,
            0.99,
            0.5,
            "partial"
        ],
        [
            "0",
            "10",
            0.99,
            0.99,
            0.001,
            0.5,
            "partial"
        ],
        [
            "0",
            "10",
            0.99,
            0.99,
            0.99,
            0.5,
            "partial"
        ],
        [
            "10",
            "0",
            0.001,
            0.99,
            0.99,
            0.5,
            "partial"
        ],
        [
            "10",
            "10",
            0.001,
            0.001,
            0.99,
            0.1,
            "partial"
        ],
        [
            "0",
            "8",
            0.99,
            0.99,
            0.001,
            0.5,
            "partial"
        ],
        [
            "0",
            "9",
            0.99,
            0.99,
            0.001,
            0.5,
            "partial"
        ],
        [
            "0",
            "8",
            0.99,
            0.99,
            0.001,
            0.5,
            "partial"
        ],
        [
            "10",
            "10",
            0.99,
            0.7491474099562756,
            0.6982306430840949,
            0.11912851620832868,
            "partial"
        ],
        [
            "10",
            "9",
            0.99,
            0.99,
            0.001,
            0.1,
            "partial"
        ],
        [
            "0",
            "8",
            0.001,
            0.001,
            0.99,
            0.5,
            "partial"
        ],
        [
            "0",
            "8",
            0.001,
            0.99,
            0.99,
            0.5,
            "partial"
        ],
        [
            "0",
            "8",
            0.001,
            0.001,
            0.99,
            0.5,
            "partial"
        ],
        [
            "0",
            "10",
            0.001,
            0.001,
            0.99,
            0.5,
            "partial"
        ],
        [
            "10",
            "8",
            0.99,
            0.001,
            0.99,
            0.5,
            "partial"
        ],
        [
            "10",
            "8",
            0.99,
            0.001,
            0.99,
            0.5,
            "partial"
        ],
        [
            "0",
            "8",
            0.99,
            0.001,
            0.99,
            0.5,
            "partial"
        ],
        [
            "10",
            "10",
            0.001,
            0.001,
            0.99,
            0.5,
            "partial"
        ],
        [
            "0",
            "7",
            0.99,
            0.99,
            0.99,
            0.5,
            "partial"
        ],
        [
            "0",
            "7",
            0.99,
            0.99,
            0.001,
            0.5,
            "partial"
        ],
        [
            "0",
            "7",
            0.99,
            0.99,
            0.99,
            0.5,
            "partial"
        ],
        [
            "0",
            "8",
            0.99,
            0.99,
            0.99,
            0.5,
            "partial"
        ],
        [
            "0",
            "10",
            0.99,
            0.99,
            0.99,
            0.5,
            "partial"
        ],
        [
            "0",
            "10",
            0.99,
            0.99,
            0.99,
            0.5,
            "partial"
        ],
        [
            "0",
            "10",
            0.99,
            0.99,
            0.99,
            0.5,
            "partial"
        ]
    ],
    "models": [
        "GaussianProcessRegressor(kernel=1**2 * Matern(length_scale=[1, 1, 1, 1, 1, 1, 1], nu=2.5) + WhiteKernel(noise_level=0.07),\n                         n_restarts_optimizer=2, noise=0.07, normalize_y=True,\n                         random_state=218175338)",
        "GaussianProcessRegressor(kernel=1**2 * Matern(length_scale=[1, 1, 1, 1, 1, 1, 1], nu=2.5) + WhiteKernel(noise_level=0.07),\n                         n_restarts_optimizer=2, noise=0.07, normalize_y=True,\n                         random_state=218175338)",
        "GaussianProcessRegressor(kernel=1**2 * Matern(length_scale=[1, 1, 1, 1, 1, 1, 1], nu=2.5) + WhiteKernel(noise_level=0.07),\n                         n_restarts_optimizer=2, noise=0.07, normalize_y=True,\n                         random_state=218175338)",
        "GaussianProcessRegressor(kernel=1**2 * Matern(length_scale=[1, 1, 1, 1, 1, 1, 1], nu=2.5) + WhiteKernel(noise_level=0.07),\n                         n_restarts_optimizer=2, noise=0.07, normalize_y=True,\n                         random_state=218175338)",
        "GaussianProcessRegressor(kernel=1**2 * Matern(length_scale=[1, 1, 1, 1, 1, 1, 1], nu=2.5) + WhiteKernel(noise_level=0.07),\n                         n_restarts_optimizer=2, noise=0.07, normalize_y=True,\n                         random_state=218175338)",
        "GaussianProcessRegressor(kernel=1**2 * Matern(length_scale=[1, 1, 1, 1, 1, 1, 1], nu=2.5) + WhiteKernel(noise_level=0.07),\n                         n_restarts_optimizer=2, noise=0.07, normalize_y=True,\n                         random_state=218175338)",
        "GaussianProcessRegressor(kernel=1**2 * Matern(length_scale=[1, 1, 1, 1, 1, 1, 1], nu=2.5) + WhiteKernel(noise_level=0.07),\n                         n_restarts_optimizer=2, noise=0.07, normalize_y=True,\n                         random_state=218175338)",
        "GaussianProcessRegressor(kernel=1**2 * Matern(length_scale=[1, 1, 1, 1, 1, 1, 1], nu=2.5) + WhiteKernel(noise_level=0.07),\n                         n_restarts_optimizer=2, noise=0.07, normalize_y=True,\n                         random_state=218175338)",
        "GaussianProcessRegressor(kernel=1**2 * Matern(length_scale=[1, 1, 1, 1, 1, 1, 1], nu=2.5) + WhiteKernel(noise_level=0.07),\n                         n_restarts_optimizer=2, noise=0.07, normalize_y=True,\n                         random_state=218175338)",
        "GaussianProcessRegressor(kernel=1**2 * Matern(length_scale=[1, 1, 1, 1, 1, 1, 1], nu=2.5) + WhiteKernel(noise_level=0.07),\n                         n_restarts_optimizer=2, noise=0.07, normalize_y=True,\n                         random_state=218175338)",
        "GaussianProcessRegressor(kernel=1**2 * Matern(length_scale=[1, 1, 1, 1, 1, 1, 1], nu=2.5) + WhiteKernel(noise_level=0.07),\n                         n_restarts_optimizer=2, noise=0.07, normalize_y=True,\n                         random_state=218175338)",
        "GaussianProcessRegressor(kernel=1**2 * Matern(length_scale=[1, 1, 1, 1, 1, 1, 1], nu=2.5) + WhiteKernel(noise_level=0.07),\n                         n_restarts_optimizer=2, noise=0.07, normalize_y=True,\n                         random_state=218175338)",
        "GaussianProcessRegressor(kernel=1**2 * Matern(length_scale=[1, 1, 1, 1, 1, 1, 1], nu=2.5) + WhiteKernel(noise_level=0.07),\n                         n_restarts_optimizer=2, noise=0.07, normalize_y=True,\n                         random_state=218175338)",
        "GaussianProcessRegressor(kernel=1**2 * Matern(length_scale=[1, 1, 1, 1, 1, 1, 1], nu=2.5) + WhiteKernel(noise_level=0.07),\n                         n_restarts_optimizer=2, noise=0.07, normalize_y=True,\n                         random_state=218175338)",
        "GaussianProcessRegressor(kernel=1**2 * Matern(length_scale=[1, 1, 1, 1, 1, 1, 1], nu=2.5) + WhiteKernel(noise_level=0.07),\n                         n_restarts_optimizer=2, noise=0.07, normalize_y=True,\n                         random_state=218175338)",
        "GaussianProcessRegressor(kernel=1**2 * Matern(length_scale=[1, 1, 1, 1, 1, 1, 1], nu=2.5) + WhiteKernel(noise_level=0.07),\n                         n_restarts_optimizer=2, noise=0.07, normalize_y=True,\n                         random_state=218175338)",
        "GaussianProcessRegressor(kernel=1**2 * Matern(length_scale=[1, 1, 1, 1, 1, 1, 1], nu=2.5) + WhiteKernel(noise_level=0.07),\n                         n_restarts_optimizer=2, noise=0.07, normalize_y=True,\n                         random_state=218175338)",
        "GaussianProcessRegressor(kernel=1**2 * Matern(length_scale=[1, 1, 1, 1, 1, 1, 1], nu=2.5) + WhiteKernel(noise_level=0.07),\n                         n_restarts_optimizer=2, noise=0.07, normalize_y=True,\n                         random_state=218175338)",
        "GaussianProcessRegressor(kernel=1**2 * Matern(length_scale=[1, 1, 1, 1, 1, 1, 1], nu=2.5) + WhiteKernel(noise_level=0.07),\n                         n_restarts_optimizer=2, noise=0.07, normalize_y=True,\n                         random_state=218175338)",
        "GaussianProcessRegressor(kernel=1**2 * Matern(length_scale=[1, 1, 1, 1, 1, 1, 1], nu=2.5) + WhiteKernel(noise_level=0.07),\n                         n_restarts_optimizer=2, noise=0.07, normalize_y=True,\n                         random_state=218175338)",
        "GaussianProcessRegressor(kernel=1**2 * Matern(length_scale=[1, 1, 1, 1, 1, 1, 1], nu=2.5) + WhiteKernel(noise_level=0.07),\n                         n_restarts_optimizer=2, noise=0.07, normalize_y=True,\n                         random_state=218175338)",
        "GaussianProcessRegressor(kernel=1**2 * Matern(length_scale=[1, 1, 1, 1, 1, 1, 1], nu=2.5) + WhiteKernel(noise_level=0.07),\n                         n_restarts_optimizer=2, noise=0.07, normalize_y=True,\n                         random_state=218175338)",
        "GaussianProcessRegressor(kernel=1**2 * Matern(length_scale=[1, 1, 1, 1, 1, 1, 1], nu=2.5) + WhiteKernel(noise_level=0.07),\n                         n_restarts_optimizer=2, noise=0.07, normalize_y=True,\n                         random_state=218175338)",
        "GaussianProcessRegressor(kernel=1**2 * Matern(length_scale=[1, 1, 1, 1, 1, 1, 1], nu=2.5) + WhiteKernel(noise_level=0.07),\n                         n_restarts_optimizer=2, noise=0.07, normalize_y=True,\n                         random_state=218175338)",
        "GaussianProcessRegressor(kernel=1**2 * Matern(length_scale=[1, 1, 1, 1, 1, 1, 1], nu=2.5) + WhiteKernel(noise_level=0.07),\n                         n_restarts_optimizer=2, noise=0.07, normalize_y=True,\n                         random_state=218175338)",
        "GaussianProcessRegressor(kernel=1**2 * Matern(length_scale=[1, 1, 1, 1, 1, 1, 1], nu=2.5) + WhiteKernel(noise_level=0.07),\n                         n_restarts_optimizer=2, noise=0.07, normalize_y=True,\n                         random_state=218175338)",
        "GaussianProcessRegressor(kernel=1**2 * Matern(length_scale=[1, 1, 1, 1, 1, 1, 1], nu=2.5) + WhiteKernel(noise_level=0.07),\n                         n_restarts_optimizer=2, noise=0.07, normalize_y=True,\n                         random_state=218175338)",
        "GaussianProcessRegressor(kernel=1**2 * Matern(length_scale=[1, 1, 1, 1, 1, 1, 1], nu=2.5) + WhiteKernel(noise_level=0.07),\n                         n_restarts_optimizer=2, noise=0.07, normalize_y=True,\n                         random_state=218175338)",
        "GaussianProcessRegressor(kernel=1**2 * Matern(length_scale=[1, 1, 1, 1, 1, 1, 1], nu=2.5) + WhiteKernel(noise_level=0.07),\n                         n_restarts_optimizer=2, noise=0.07, normalize_y=True,\n                         random_state=218175338)",
        "GaussianProcessRegressor(kernel=1**2 * Matern(length_scale=[1, 1, 1, 1, 1, 1, 1], nu=2.5) + WhiteKernel(noise_level=0.07),\n                         n_restarts_optimizer=2, noise=0.07, normalize_y=True,\n                         random_state=218175338)"
    ],
    "space": "Space([Integer(low=0, high=10, prior='uniform', transform='normalize'),\n       Integer(low=0, high=10, prior='uniform', transform='normalize'),\n       Real(low=0.001, high=0.99, prior='uniform', transform='normalize'),\n       Real(low=0.001, high=0.99, prior='uniform', transform='normalize'),\n       Real(low=0.001, high=0.99, prior='uniform', transform='normalize'),\n       Real(low=0.1, high=0.5, prior='uniform', transform='normalize'),\n       Categorical(categories=('partial', 'full'), prior=None)])",
    "random_state": "RandomState(MT19937)",
    "specs": {
        "args": {
            "func": "<optimizer.ObjFunc object at 0x7f3a1a22fe90>",
            "dimensions": "Space([Integer(low=0, high=10, prior='uniform', transform='normalize'),\n       Integer(low=0, high=10, prior='uniform', transform='normalize'),\n       Real(low=0.001, high=0.99, prior='uniform', transform='normalize'),\n       Real(low=0.001, high=0.99, prior='uniform', transform='normalize'),\n       Real(low=0.001, high=0.99, prior='uniform', transform='normalize'),\n       Real(low=0.1, high=0.5, prior='uniform', transform='normalize'),\n       Categorical(categories=('partial', 'full'), prior=None)])",
            "base_estimator": "GaussianProcessRegressor(kernel=1**2 * Matern(length_scale=[1, 1, 1, 1, 1, 1, 1], nu=2.5),\n                         n_restarts_optimizer=2, noise=0.07, normalize_y=True,\n                         random_state=218175338)",
            "n_calls": 30,
            "n_random_starts": null,
            "n_initial_points": 1,
            "initial_point_generator": "hammersly",
            "acq_func": "PI",
            "acq_optimizer": "auto",
            "x0": null,
            "y0": null,
            "random_state": "RandomState(MT19937)",
            "verbose": false,
            "callback": null,
            "n_points": 10000,
            "n_restarts_optimizer": 5,
            "xi": 0.01,
            "kappa": 1.96,
            "n_jobs": 1,
            "model_queue_size": null
        },
        "function": "base_minimize"
    }
}